Period,Org Code,Parent Org,Org name,A&E attendances Type 1,A&E attendances Type 2,A&E attendances Other A&E Department,A&E attendances Booked Appointments Type 1,A&E attendances Booked Appointments Type 2,A&E attendances Booked Appointments Other Department,Attendances over 4hrs Type 1,Attendances over 4hrs Type 2,Attendances over 4hrs Other Department,Attendances over 4hrs Booked Appointments Type 1,Attendances over 4hrs Booked Appointments Type 2,Attendances over 4hrs Booked Appointments Other Department,Patients who have waited 4-12 hs from DTA to admission,Patients who have waited 12+ hrs from DTA to admission,Emergency admissions via A&E - Type 1,Emergency admissions via A&E - Type 2,Emergency admissions via A&E - Other A&E department,Other emergency admissions
MSitAE-JULY-2026,AAH,NHS ENGLAND SOUTH WEST ,TETBURY HOSPITAL TRUST LTD,0,0,791,0,0,0,0,0,0,0,0,0,0,0,0,0,0,0
MSitAE-JULY-2026,NDJ,NHS ENGLAND SOUTH EAST ,FIRST COMMUNITY HEALTH AND CARE CIC,0,0,2637,0,0,0,0,0,73,0,0,0,0,0,0,0,0,0
MSitAE-JULY-2026,RBQ,NHS ENGLAND NORTH WEST ,LIVERPOOL HEART AND CHEST HOSPITAL NHS FOUNDATION TRUST,0,0,0,0,0,0,0,0,0,0,0,0,0,0,0,0,0,91
MSitAE-JULY-2026,RBT,NHS ENGLAND NORTH WEST ,MID CHESHIRE HOSPITALS NHS FOUNDATION TRUST,7393,0,3469,0,0,105,3677,0,30,0,0,0,478,513,2504,0,0,751
MSitAE-JULY-2026,RDU,NHS ENGLAND SOUTH EAST ,FRIMLEY HEALTH NHS FOUNDATION TRUST,24005,1028,12063,0,0,0,9437,0,189,0,0,0,1233,538,6610,0,0,166
MSitAE-JULY-2026,RJ8,NHS ENGLAND SOUTH WEST ,CORNWALL PARTNERSHIP NHS FOUNDATION TRUST,0,0,0,0,0,0,0,0,0,0,0,0,0,0,0,0,18,62
MSitAE-JULY-2026,RTP,NHS ENGLAND SOUTH EAST ,SURREY AND SUSSEX HEALTHCARE NHS TRUST,10600,0,0,0,0,0,4559,0,0,0,0,0,553,428,3094,0,0,1086
MSitAE-JULY-2026,RW1,NHS ENGLAND SOUTH EAST ,HAMPSHIRE AND ISLE OF WIGHT HEALTHCARE NHS FOUNDATION TRUST,0,0,3145,0,0,0,0,0,128,0,0,0,0,0,0,0,0,121
MSitAE-JULY-2026,RWF,NHS ENGLAND SOUTH EAST ,MAIDSTONE AND TUNBRIDGE WELLS NHS TRUST,19712,0,1935,959,0,136,5420,0,12,203,0,1,1069,324,2465,0,0,624
MSitAE-JULY-2026,RWY,NHS ENGLAND NORTH EAST AND YORKSHIRE ,CALDERDALE AND HUDDERSFIELD NHS FOUNDATION TRUST,17089,0,0,0,0,0,2552,0,0,0,0,0,1212,92,2907,0,0,197
MSitAE-JULY-2026,RY5,NHS ENGLAND MIDLANDS ,LINCOLNSHIRE COMMUNITY HEALTH SERVICES NHS TRUST,0,0,9426,0,0,0,0,0,194,0,0,0,0,0,0,0,0,0
MSitAE-JULY-2026,Y02428,NHS ENGLAND EAST OF ENGLAND ,PUTNOE WALK IN CENTRE,0,0,2164,0,0,0,0,0,0,0,0,0,0,0,0,0,0,0
MSitAE-JULY-2026,Y02532,NHS ENGLAND NORTH WEST ,MIRIAM MINOR EMERGENCY,0,0,1652,0,0,0,0,0,0,0,0,0,0,0,0,0,0,0
MSitAE-JULY-2026,Y02676,NHS ENGLAND SOUTH EAST ,BRIGHTON STATION HEALTH CENTRE,0,0,1981,0,0,0,0,0,0,0,0,0,0,0,0,0,0,0
MSitAE-JULY-2026,AD913,NHS ENGLAND LONDON,BECKENHAM BEACON UCC,0,0,3640,0,0,240,0,0,51,0,0,0,0,0,0,0,0,0
MSitAE-JULY-2026,C82038,NHS ENGLAND MIDLANDS ,LATHAM HOUSE MEDICAL PRACTICE,0,0,437,0,0,0,0,0,0,0,0,0,0,0,0,0,0,0
MSitAE-JULY-2026,DJV01,NHS ENGLAND SOUTH EAST ,HERNE BAY HEALTH CARE LTD,0,0,2737,0,0,0,0,0,0,0,0,0,0,0,0,0,0,0
MSitAE-JULY-2026,NNJ07,NHS ENGLAND MIDLANDS ,LOUGHBOROUGH URGENT CARE CENTRE,0,0,5293,0,0,2068,0,0,33,0,0,7,0,0,0,0,0,0
MSitAE-JULY-2026,NNJ0H,NHS ENGLAND MIDLANDS ,LLR EA - THE MERLYN VAZ HEALTH & SOCIAL CARE CENTRE,0,0,158,0,0,2387,0,0,0,0,0,5,0,0,0,0,0,0
MSitAE-JULY-2026,NNJ14,NHS ENGLAND MIDLANDS ,OADBY,0,0,638,0,0,3350,0,0,0,0,0,3,0,0,0,0,0,0
MSitAE-JULY-2026,NNJ15,NHS ENGLAND MIDLANDS ,RUTLAND MINOR ILLNESS AND INJURY SERVICE (FORMERLY WLHH PRE-APRIL 2026),0,0,0,0,0,635,0,0,0,0,0,1,0,0,0,0,0,0
MSitAE-JULY-2026,NTV0B,NHS ENGLAND SOUTH EAST ,ASHFORD WALK-IN-CENTRE,0,0,2527,0,0,0,0,0,45,0,0,0,0,0,0,0,0,0
MSitAE-JULY-2026,NTV0W,NHS ENGLAND SOUTH EAST ,WOKING WALK IN CENTRE,0,0,2888,0,0,0,0,0,91,0,0,0,0,0,0,0,0,0
MSitAE-JULY-2026,RAN,NHS ENGLAND LONDON,ROYAL NATIONAL ORTHOPAEDIC HOSPITAL NHS TRUST,0,0,0,0,0,0,0,0,0,0,0,0,0,0,0,0,0,29
MSitAE-JULY-2026,RCX,NHS ENGLAND EAST OF ENGLAND ,"THE QUEEN ELIZABETH HOSPITAL, KING'S LYNN, NHS FOUNDATION TRUST",7008,0,1199,0,0,0,2905,0,0,0,0,0,837,92,2083,0,0,380
MSitAE-JULY-2026,REP,NHS ENGLAND NORTH WEST ,LIVERPOOL WOMEN'S NHS FOUNDATION TRUST,0,1584,0,0,0,0,0,131,0,0,0,0,0,0,0,121,0,16
MSitAE-JULY-2026,RET,NHS ENGLAND NORTH WEST ,THE WALTON CENTRE NHS FOUNDATION TRUST,0,0,0,0,0,0,0,0,0,0,0,0,0,0,0,0,0,204
MSitAE-JULY-2026,RGP,NHS ENGLAND EAST OF ENGLAND ,JAMES PAGET UNIVERSITY HOSPITALS NHS FOUNDATION TRUST,8280,0,1797,0,0,0,3097,0,0,0,0,0,513,423,1579,0,0,569
MSitAE-JULY-2026,RH8,NHS ENGLAND SOUTH WEST ,ROYAL DEVON UNIVERSITY HEALTHCARE NHS FOUNDATION TRUST,13921,0,5012,1554,0,114,6492,0,7,719,0,1,1007,222,3243,0,0,1867
MSitAE-JULY-2026,RXG,NHS ENGLAND NORTH EAST AND YORKSHIRE ,SOUTH WEST YORKSHIRE PARTNERSHIP TEACHING NHS FOUNDATION TRUST,0,0,0,0,0,0,0,0,0,0,0,0,0,0,0,0,0,126
MSitAE-JULY-2026,RYF,NHS ENGLAND SOUTH WEST ,SOUTH WESTERN AMBULANCE SERVICE NHS FOUNDATION TRUST,0,0,2296,0,0,34,0,0,108,0,0,2,0,0,0,0,0,0
MSitAE-JULY-2026,AQN04,NHS ENGLAND SOUTH EAST ,PHL LYMINGTON UTC,0,0,3690,0,0,15,0,0,258,0,0,0,0,0,0,0,0,0
MSitAE-JULY-2026,G3P9C,NHS ENGLAND SOUTH WEST ,TROWBRIDGE MINOR INJURIES UNIT,0,0,1789,0,0,0,0,0,19,0,0,0,0,0,0,0,0,0
MSitAE-JULY-2026,NNJ10,NHS ENGLAND MIDLANDS ,ENDERBY LEISURE CENTRE,0,0,0,0,0,317,0,0,0,0,0,0,0,0,0,0,0,0
MSitAE-JULY-2026,NNJ11,NHS ENGLAND MIDLANDS ,LUTTERWORTH HOSPITAL,0,0,0,0,0,134,0,0,0,0,0,0,0,0,0,0,0,0
MSitAE-JULY-2026,NNJ12,NHS ENGLAND MIDLANDS ,MARKET HARBOROUGH,0,0,0,0,0,263,0,0,0,0,0,0,0,0,0,0,0,0
MSitAE-JULY-2026,NNJ13,NHS ENGLAND MIDLANDS ,MELTON MOWBRAY,0,0,0,0,0,371,0,0,0,0,0,0,0,0,0,0,0,0
MSitAE-JULY-2026,NQT1I,NHS ENGLAND SOUTH WEST ,CHIPPENHAM COMMUNITY HOSPITAL,0,0,1932,0,0,0,0,0,78,0,0,0,0,0,0,0,0,0
MSitAE-JULY-2026,NQT5F,NHS ENGLAND NORTH WEST ,SKELMERSDALE WALK IN CENTRE,0,0,1661,0,0,0,0,0,19,0,0,0,0,0,0,0,0,0
MSitAE-JULY-2026,NQT5H,NHS ENGLAND SOUTH WEST ,PAULTON MEMORIAL HOSPITAL,0,0,1528,0,0,0,0,0,4,0,0,0,0,0,0,0,0,0
MSitAE-JULY-2026,RBD,NHS ENGLAND SOUTH WEST ,DORSET COUNTY HOSPITAL NHS FOUNDATION TRUST,5037,0,0,555,0,4983,2049,0,0,141,0,3,205,45,2146,0,0,604
MSitAE-JULY-2026,RDY,NHS ENGLAND SOUTH WEST ,DORSET HEALTHCARE UNIVERSITY NHS FOUNDATION TRUST,0,0,0,0,0,0,0,0,0,0,0,0,0,0,0,0,2,2
MSitAE-JULY-2026,REM,NHS ENGLAND NORTH WEST ,LIVERPOOL UNIVERSITY HOSPITALS NHS FOUNDATION TRUST,17260,1979,8678,487,0,0,8566,51,256,218,0,0,872,1057,5204,0,0,2454
MSitAE-JULY-2026,RFF,NHS ENGLAND NORTH EAST AND YORKSHIRE ,BARNSLEY HOSPITAL NHS FOUNDATION TRUST,10264,0,0,23,0,0,2652,0,0,0,0,0,514,14,3449,0,0,485
MSitAE-JULY-2026,RGR,NHS ENGLAND EAST OF ENGLAND ,WEST SUFFOLK NHS FOUNDATION TRUST,8601,0,980,39,0,0,2945,0,0,0,0,0,553,397,1835,0,0,364
MSitAE-JULY-2026,RNA,NHS ENGLAND MIDLANDS ,THE DUDLEY GROUP NHS FOUNDATION TRUST,10913,0,3676,0,0,606,3264,0,13,0,0,0,853,90,3450,0,0,2723
MSitAE-JULY-2026,RNS,NHS ENGLAND MIDLANDS ,NORTHAMPTON GENERAL HOSPITAL NHS TRUST,11493,723,1872,0,0,0,4127,11,0,0,0,0,507,886,2456,0,0,400
MSitAE-JULY-2026,RY8,NHS ENGLAND MIDLANDS ,DERBYSHIRE COMMUNITY HEALTH SERVICES NHS FOUNDATION TRUST,0,0,7933,0,0,1311,0,0,528,0,0,39,0,0,0,0,0,0
MSitAE-JULY-2026,C82009,NHS ENGLAND MIDLANDS ,MARKET HARBOROUGH MED.CTR,0,0,404,0,0,0,0,0,0,0,0,0,0,0,0,0,0,0
MSitAE-JULY-2026,NNJ,NHS ENGLAND MIDLANDS ,DHU HEALTH CARE C.I.C,0,0,1936,0,0,0,0,0,1,0,0,0,0,0,0,0,0,0
MSitAE-JULY-2026,NTPAD,NHS ENGLAND SOUTH EAST ,PRACTICE PLUS GROUP SURGICAL CENTRE - ST MARYS PORTSMOUTH,0,0,5378,0,0,287,0,0,195,0,0,5,0,0,0,0,0,0
MSitAE-JULY-2026,RW4,NHS ENGLAND NORTH WEST ,MERSEY CARE NHS FOUNDATION TRUST,0,0,14271,0,0,0,0,0,272,0,0,0,0,0,0,0,0,45
MSitAE-JULY-2026,RXK,NHS ENGLAND MIDLANDS ,SANDWELL AND WEST BIRMINGHAM HOSPITALS NHS TRUST,11881,1252,8317,405,0,0,5016,214,51,171,0,0,710,301,2627,0,20,72
MSitAE-JULY-2026,ARN03,NHS ENGLAND NORTH EAST AND YORKSHIRE ,LOCAL CARE DIRECT,0,0,2312,0,0,201,0,0,0,0,0,0,0,0,0,0,0,0
MSitAE-JULY-2026,L83087,NHS ENGLAND SOUTH WEST ,OKEHAMPTON MEDICAL CENTRE,0,0,109,0,0,0,0,0,0,0,0,0,0,0,0,0,0,0
MSitAE-JULY-2026,NVE43,NHS ENGLAND SOUTH EAST ,HASTINGS GP LED HEALTH CENTRE,0,0,1224,0,0,0,0,0,0,0,0,0,0,0,0,0,0,0
MSitAE-JULY-2026,RCU,NHS ENGLAND NORTH EAST AND YORKSHIRE ,SHEFFIELD CHILDREN'S NHS FOUNDATION TRUST,4669,0,241,191,0,13,400,0,0,18,0,0,12,0,929,0,0,70
MSitAE-JULY-2026,RHW,NHS ENGLAND SOUTH EAST ,ROYAL BERKSHIRE NHS FOUNDATION TRUST,11129,2883,3575,1604,17,0,3791,102,0,345,0,0,653,17,2274,0,0,393
MSitAE-JULY-2026,RJE,NHS ENGLAND MIDLANDS ,UNIVERSITY HOSPITALS OF NORTH MIDLANDS NHS TRUST,15900,571,8841,549,0,448,8015,0,114,251,0,17,1116,727,4850,0,0,1261
MSitAE-JULY-2026,RLQ,NHS ENGLAND MIDLANDS ,WYE VALLEY NHS TRUST,6232,973,189,117,0,0,2588,0,0,21,0,0,413,126,1379,0,0,164
MSitAE-JULY-2026,RNQ,NHS ENGLAND MIDLANDS ,KETTERING GENERAL HOSPITAL NHS FOUNDATION TRUST,11234,0,8936,0,0,0,4054,0,21,0,0,0,505,712,1918,0,0,269
MSitAE-JULY-2026,RPC,NHS ENGLAND SOUTH EAST ,QUEEN VICTORIA HOSPITAL NHS FOUNDATION TRUST,0,0,1566,0,0,0,0,0,11,0,0,0,0,0,0,0,4,628
MSitAE-JULY-2026,RRV,NHS ENGLAND LONDON,UNIVERSITY COLLEGE LONDON HOSPITALS NHS FOUNDATION TRUST,14233,0,0,493,0,0,3543,0,0,0,0,0,412,184,1442,0,0,460
MSitAE-JULY-2026,RTQ,NHS ENGLAND SOUTH WEST ,GLOUCESTERSHIRE HEALTH AND CARE NHS FOUNDATION TRUST,0,0,9207,0,0,0,0,0,333,0,0,0,0,0,0,0,1,35
MSitAE-JULY-2026,RWP,NHS ENGLAND MIDLANDS ,WORCESTERSHIRE ACUTE HOSPITALS NHS TRUST,15328,0,7026,0,0,0,6799,0,84,0,0,0,839,986,3230,0,0,920
MSitAE-JULY-2026,RYR,NHS ENGLAND SOUTH EAST ,UNIVERSITY HOSPITALS SUSSEX NHS FOUNDATION TRUST,29472,1748,1716,1573,0,549,12345,92,189,504,0,36,893,1090,8373,14,22,1919
MSitAE-JULY-2026,NLX,NHS ENGLAND SOUTH WEST ,SIRONA CARE & HEALTH,0,0,10254,0,0,320,0,0,471,0,0,85,0,0,0,0,0,0
MSitAE-JULY-2026,NNF09,NHS ENGLAND NORTH EAST AND YORKSHIRE ,BRANSHOLME HEALTH CENTRE,0,0,3689,0,0,0,0,0,596,0,0,0,0,0,0,0,0,0
MSitAE-JULY-2026,NNF16,NHS ENGLAND NORTH EAST AND YORKSHIRE ,BRIDLINGTON HOSPITAL,0,0,1756,0,0,0,0,0,114,0,0,0,0,0,0,0,0,0
MSitAE-JULY-2026,NNF94,NHS ENGLAND NORTH EAST AND YORKSHIRE ,EAST RIDING COMMUNITY HOSPITAL,0,0,3279,0,0,0,0,0,224,0,0,0,0,0,0,0,0,0
MSitAE-JULY-2026,NNFA7,NHS ENGLAND NORTH EAST AND YORKSHIRE ,GOOLE & DISTRICT HOSPITAL,0,0,1799,0,0,0,0,0,13,0,0,0,0,0,0,0,0,0
MSitAE-JULY-2026,NTP11,NHS ENGLAND SOUTH EAST ,PRACTICE PLUS GROUP HOSPITAL - SOUTHAMPTON,0,0,5636,0,0,0,0,0,156,0,0,0,0,0,0,0,0,0
MSitAE-JULY-2026,R0B,NHS ENGLAND NORTH EAST AND YORKSHIRE ,SOUTH TYNESIDE AND SUNDERLAND NHS FOUNDATION TRUST,11698,1534,6189,1206,0,1710,4299,28,219,514,0,59,163,0,4886,36,0,1371
MSitAE-JULY-2026,RA2,NHS ENGLAND SOUTH EAST ,ROYAL SURREY NHS FOUNDATION TRUST,7110,0,2608,788,0,111,2083,0,0,193,0,0,299,0,2393,0,0,921
MSitAE-JULY-2026,RAT,NHS ENGLAND LONDON,NORTH EAST LONDON NHS FOUNDATION TRUST,0,0,1751,0,0,0,0,0,58,0,0,0,0,0,0,0,0,0
MSitAE-JULY-2026,RJ6,NHS ENGLAND LONDON,CROYDON HEALTH SERVICES NHS TRUST,13618,0,4815,0,0,0,5437,0,0,0,0,0,247,644,1093,0,0,130
MSitAE-JULY-2026,RL1,NHS ENGLAND MIDLANDS ,THE ROBERT JONES AND AGNES HUNT ORTHOPAEDIC HOSPITAL NHS FOUNDATION TRUST,0,0,0,0,0,0,0,0,0,0,0,0,0,0,0,0,0,35
MSitAE-JULY-2026,RN3,NHS ENGLAND SOUTH WEST ,GREAT WESTERN HOSPITALS NHS FOUNDATION TRUST,7759,0,4487,0,0,0,3616,0,702,0,0,0,683,390,2600,0,0,1399
MSitAE-JULY-2026,RY7,NHS ENGLAND NORTH WEST ,WIRRAL COMMUNITY HEALTH AND CARE NHS FOUNDATION TRUST,0,0,4146,0,0,0,0,0,216,0,0,0,0,0,0,0,0,0
MSitAE-JULY-2026,DT301,NHS ENGLAND EAST OF ENGLAND ,HERTS URGENT CARE (ASCOTS LANE),0,0,2249,0,0,0,0,0,109,0,0,0,0,0,0,0,0,0
MSitAE-JULY-2026,NV693,NHS ENGLAND NORTH WEST ,ROSSENDALE MIU & OOH,0,0,1223,0,0,0,0,0,2,0,0,0,0,0,0,0,0,0
MSitAE-JULY-2026,R0D,NHS ENGLAND SOUTH WEST ,UNIVERSITY HOSPITALS DORSET NHS FOUNDATION TRUST,16317,0,4682,0,0,0,5831,0,0,0,0,0,952,373,4327,0,0,2744
MSitAE-JULY-2026,R1D,NHS ENGLAND MIDLANDS ,SHROPSHIRE COMMUNITY HEALTH NHS TRUST,0,0,4125,0,0,0,0,0,69,0,0,0,0,0,0,0,0,0
MSitAE-JULY-2026,RAX,NHS ENGLAND LONDON,KINGSTON AND RICHMOND NHS FOUNDATION TRUST,7230,0,8640,0,0,0,3828,0,328,0,0,0,312,381,2701,0,176,703
MSitAE-JULY-2026,RC9,NHS ENGLAND EAST OF ENGLAND ,BEDFORDSHIRE HOSPITALS NHS FOUNDATION TRUST,19124,0,8166,0,0,0,6976,0,0,0,0,0,80,32,5310,0,0,2512
MSitAE-JULY-2026,RCD,NHS ENGLAND NORTH EAST AND YORKSHIRE ,HARROGATE AND DISTRICT NHS FOUNDATION TRUST,5447,0,1830,234,0,23,1982,0,0,80,0,0,83,7,1108,0,0,233
MSitAE-JULY-2026,RD1,NHS ENGLAND SOUTH WEST ,ROYAL UNITED HOSPITALS BATH NHS FOUNDATION TRUST,9191,0,0,0,0,0,4030,0,0,0,0,0,816,249,2787,0,0,2166
MSitAE-JULY-2026,REF,NHS ENGLAND SOUTH WEST ,ROYAL CORNWALL HOSPITALS NHS TRUST,8176,0,15067,0,0,0,4633,0,1183,0,0,0,691,573,2823,0,37,1356
MSitAE-JULY-2026,RFS,NHS ENGLAND MIDLANDS ,CHESTERFIELD ROYAL HOSPITAL NHS FOUNDATION TRUST,7163,0,5861,0,0,0,3872,0,81,0,0,0,699,208,2124,0,10,119
MSitAE-JULY-2026,RJ2,NHS ENGLAND LONDON,LEWISHAM AND GREENWICH NHS TRUST,16455,0,18623,0,0,72,9107,0,464,0,0,4,1219,769,4544,0,0,578
MSitAE-JULY-2026,RJC,NHS ENGLAND MIDLANDS ,SOUTH WARWICKSHIRE UNIVERSITY NHS FOUNDATION TRUST,8706,0,510,1,0,0,2272,0,0,1,0,0,311,51,1818,0,0,576
MSitAE-JULY-2026,RJL,NHS ENGLAND NORTH EAST AND YORKSHIRE ,NORTHERN LINCOLNSHIRE AND GOOLE NHS FOUNDATION TRUST,11147,0,7024,0,0,412,5552,0,96,0,0,2,453,890,5602,0,0,509
MSitAE-JULY-2026,RJN,NHS ENGLAND NORTH WEST ,EAST CHESHIRE NHS TRUST,4680,0,0,84,0,96,2248,0,0,0,0,0,202,306,920,0,0,280
MSitAE-JULY-2026,RJR,NHS ENGLAND NORTH WEST ,COUNTESS OF CHESTER HOSPITAL NHS FOUNDATION TRUST,6079,0,2768,0,0,0,2972,0,462,0,0,0,506,612,2067,0,0,1224
MSitAE-JULY-2026,RK9,NHS ENGLAND SOUTH WEST ,UNIVERSITY HOSPITALS PLYMOUTH NHS TRUST,9411,166,9425,0,0,0,5920,13,370,0,0,0,842,343,2906,0,9,1457
MSitAE-JULY-2026,RKB,NHS ENGLAND MIDLANDS ,UNIVERSITY HOSPITALS COVENTRY AND WARWICKSHIRE NHS TRUST,13254,2778,6004,0,0,0,5087,76,190,0,0,0,48,22,1106,41,48,435
MSitAE-JULY-2026,RKE,NHS ENGLAND LONDON,WHITTINGTON HEALTH NHS TRUST,9719,0,0,0,0,0,2837,0,0,0,0,0,258,282,1256,0,0,31
MSitAE-JULY-2026,RMP,NHS ENGLAND NORTH WEST ,TAMESIDE AND GLOSSOP INTEGRATED CARE NHS FOUNDATION TRUST,8984,0,2143,461,0,158,4229,0,22,0,0,0,431,474,1590,0,0,274
MSitAE-JULY-2026,RN7,NHS ENGLAND SOUTH EAST ,DARTFORD AND GRAVESHAM NHS TRUST,12051,0,4116,0,0,0,3121,0,27,0,0,0,530,143,3940,0,0,268
MSitAE-JULY-2026,RQW,NHS ENGLAND EAST OF ENGLAND ,THE PRINCESS ALEXANDRA HOSPITAL NHS TRUST,9308,0,2021,0,0,404,2586,0,0,0,0,0,569,282,1881,0,0,396
MSitAE-JULY-2026,RRK,NHS ENGLAND MIDLANDS ,UNIVERSITY HOSPITALS BIRMINGHAM NHS FOUNDATION TRUST,35471,443,11898,0,0,291,13699,0,211,0,0,29,1743,2187,10478,0,0,7797
MSitAE-JULY-2026,RTK,NHS ENGLAND SOUTH EAST ,ASHFORD AND ST PETER'S HOSPITALS NHS FOUNDATION TRUST,7844,0,2762,0,0,0,3102,0,89,0,0,0,405,507,2280,0,0,553
MSitAE-JULY-2026,RTX,NHS ENGLAND NORTH WEST ,UNIVERSITY HOSPITALS OF MORECAMBE BAY NHS FOUNDATION TRUST,9492,0,3297,160,0,2118,4176,0,75,12,0,30,722,712,3189,0,9,1028
MSitAE-JULY-2026,RV9,NHS ENGLAND NORTH EAST AND YORKSHIRE ,HUMBER TEACHING NHS FOUNDATION TRUST,0,0,1156,0,0,98,0,0,1,0,0,0,0,0,0,0,0,0
MSitAE-JULY-2026,RVW,NHS ENGLAND NORTH EAST AND YORKSHIRE ,NORTH TEES AND HARTLEPOOL NHS FOUNDATION TRUST,5306,0,11821,0,0,0,3122,0,61,0,0,0,135,7,1687,0,554,2416
MSitAE-JULY-2026,RWA,NHS ENGLAND NORTH EAST AND YORKSHIRE ,HULL UNIVERSITY TEACHING HOSPITALS NHS TRUST,10566,0,4262,0,0,0,5300,0,300,0,0,0,814,172,3880,0,0,2270
MSitAE-JULY-2026,RXL,NHS ENGLAND NORTH WEST ,BLACKPOOL TEACHING HOSPITALS NHS FOUNDATION TRUST,8927,0,9822,359,0,432,3916,0,132,136,0,0,445,412,1805,0,0,2561
MSitAE-JULY-2026,RXR,NHS ENGLAND NORTH WEST ,EAST LANCASHIRE HOSPITALS NHS TRUST,14366,0,11885,0,0,0,4562,0,889,0,0,0,255,855,3829,0,88,2262
MSitAE-JULY-2026,RXW,NHS ENGLAND MIDLANDS ,THE SHREWSBURY AND TELFORD HOSPITAL NHS TRUST,12003,0,2492,0,0,0,6653,0,279,0,0,0,609,1300,3635,0,181,2221
MSitAE-JULY-2026,G0Q0L,NHS ENGLAND LONDON,BARKING HOSPITAL UTC,0,0,2768,0,0,0,0,0,49,0,0,0,0,0,0,0,0,0
MSitAE-JULY-2026,K6K0R,NHS ENGLAND LONDON,HAROLD WOOD POLYCLINIC UTC,0,0,2804,0,0,0,0,0,50,0,0,0,0,0,0,0,0,0
MSitAE-JULY-2026,R0A,NHS ENGLAND NORTH WEST ,MANCHESTER UNIVERSITY NHS FOUNDATION TRUST,27614,3556,12119,3138,436,789,10070,170,240,987,32,21,2924,86,5854,124,98,485
MSitAE-JULY-2026,RAJ,NHS ENGLAND EAST OF ENGLAND ,MID AND SOUTH ESSEX NHS FOUNDATION TRUST,28846,0,8196,39,0,15,10761,0,157,8,0,0,2102,1203,9259,0,139,1262
MSitAE-JULY-2026,RBN,NHS ENGLAND NORTH WEST ,MERSEY AND WEST LANCASHIRE TEACHING HOSPITALS NHS TRUST,17970,0,7685,205,0,0,6849,0,46,39,0,0,536,503,8455,0,0,992
MSitAE-JULY-2026,RBS,NHS ENGLAND NORTH WEST ,ALDER HEY CHILDREN'S NHS FOUNDATION TRUST,5798,0,0,0,0,0,653,0,0,0,0,0,0,0,884,0,0,246
MSitAE-JULY-2026,RCB,NHS ENGLAND NORTH EAST AND YORKSHIRE ,YORK AND SCARBOROUGH TEACHING HOSPITALS NHS FOUNDATION TRUST,13730,40,6126,0,0,0,6838,0,619,0,0,0,479,177,3660,0,0,754
MSitAE-JULY-2026,RDR,NHS ENGLAND SOUTH EAST ,SUSSEX COMMUNITY NHS FOUNDATION TRUST,0,0,13385,0,0,0,0,0,409,0,0,0,0,0,0,0,0,0
MSitAE-JULY-2026,RFR,NHS ENGLAND NORTH EAST AND YORKSHIRE ,THE ROTHERHAM NHS FOUNDATION TRUST,10280,0,0,0,0,0,3091,0,0,0,0,0,643,14,1987,0,0,618
MSitAE-JULY-2026,RJ1,NHS ENGLAND LONDON,GUY'S AND ST THOMAS' NHS FOUNDATION TRUST,10902,0,7822,0,0,0,4194,0,228,0,0,0,199,95,2089,0,0,307
MSitAE-JULY-2026,RN5,NHS ENGLAND SOUTH EAST ,HAMPSHIRE HOSPITALS NHS FOUNDATION TRUST,10368,71,4920,0,0,139,5520,0,0,0,0,0,213,7,3725,7,23,949
MSitAE-JULY-2026,RP6,NHS ENGLAND LONDON,MOORFIELDS EYE HOSPITAL NHS FOUNDATION TRUST,0,6824,0,0,0,0,0,250,0,0,0,0,0,0,0,3,0,263
MSitAE-JULY-2026,RQX,NHS ENGLAND LONDON,HOMERTON HEALTHCARE NHS FOUNDATION TRUST,11507,0,0,0,0,0,2409,0,0,0,0,0,172,23,1837,0,0,339
MSitAE-JULY-2026,RR7,NHS ENGLAND NORTH EAST AND YORKSHIRE ,GATESHEAD HEALTH NHS FOUNDATION TRUST,5695,0,4816,6,0,1,2047,0,42,2,0,0,474,3,1881,0,0,39
MSitAE-JULY-2026,RRF,NHS ENGLAND NORTH WEST ,"WRIGHTINGTON, WIGAN AND LEIGH TEACHING HOSPITALS NHS FOUNDATION TRUST",7080,0,6581,0,0,0,3307,0,55,0,0,0,380,181,2566,0,0,535
MSitAE-JULY-2026,RTE,NHS ENGLAND SOUTH WEST ,GLOUCESTERSHIRE HOSPITALS NHS FOUNDATION TRUST,15056,0,0,0,0,0,5065,0,0,0,0,0,316,197,2617,0,0,3053
MSitAE-JULY-2026,RTF,NHS ENGLAND NORTH EAST AND YORKSHIRE ,NORTHUMBRIA HEALTHCARE NHS FOUNDATION TRUST,11136,0,14932,0,0,0,2076,0,0,0,0,0,2,0,4703,0,12,515
MSitAE-JULY-2026,RTG,NHS ENGLAND MIDLANDS ,UNIVERSITY HOSPITALS OF DERBY AND BURTON NHS FOUNDATION TRUST,23153,0,9858,1684,0,52,10273,0,11,397,0,0,1252,589,4174,0,1,2100
MSitAE-JULY-2026,RTR,NHS ENGLAND NORTH EAST AND YORKSHIRE ,SOUTH TEES HOSPITALS NHS FOUNDATION TRUST,7798,0,10395,0,0,2063,3240,0,400,0,0,26,143,3,2334,0,413,2567
MSitAE-JULY-2026,RWG,NHS ENGLAND EAST OF ENGLAND ,WEST HERTFORDSHIRE TEACHING HOSPITALS NHS TRUST,8493,0,8742,0,0,576,2099,0,25,0,0,0,641,26,5358,0,0,463
MSitAE-JULY-2026,RX1,NHS ENGLAND MIDLANDS ,NOTTINGHAM UNIVERSITY HOSPITALS NHS TRUST,13359,2273,9707,0,0,309,7383,178,771,0,0,0,141,771,3662,0,1197,4246
MSitAE-JULY-2026,RXF,NHS ENGLAND NORTH EAST AND YORKSHIRE ,MID YORKSHIRE TEACHING NHS TRUST,17483,127,6973,124,0,51,6545,0,239,0,0,0,2075,255,3391,0,168,837
MSitAE-JULY-2026,RXP,NHS ENGLAND NORTH EAST AND YORKSHIRE ,COUNTY DURHAM AND DARLINGTON NHS FOUNDATION TRUST,13244,0,4078,0,0,7021,5424,0,0,0,0,0,1475,39,4468,0,0,840
MSitAE-JULY-2026,AQM01,NHS ENGLAND SOUTH EAST ,FAVERSHAM MEDICAL PRACTICE MIU,0,0,3086,0,0,0,0,0,0,0,0,0,0,0,0,0,0,0
MSitAE-JULY-2026,C83023,NHS ENGLAND MIDLANDS ,SLEAFORD MEDICAL GROUP,0,0,468,0,0,0,0,0,0,0,0,0,0,0,0,0,0,10
MSitAE-JULY-2026,R1F,NHS ENGLAND SOUTH EAST ,ISLE OF WIGHT NHS TRUST,4578,235,1901,15,0,9,1442,0,30,6,0,0,273,121,1490,0,0,96
MSitAE-JULY-2026,RA7,NHS ENGLAND SOUTH WEST ,BRISTOL NHS FOUNDATION TRUST,26582,2543,0,0,0,0,9055,205,0,0,0,0,1416,682,8580,5,0,3978
MSitAE-JULY-2026,RA9,NHS ENGLAND SOUTH WEST ,TORBAY AND SOUTH DEVON NHS FOUNDATION TRUST,7348,0,4150,0,0,0,3720,0,426,0,0,0,333,164,1651,0,10,534
MSitAE-JULY-2026,RAL,NHS ENGLAND LONDON,ROYAL FREE LONDON NHS FOUNDATION TRUST,26558,600,17100,203,6,234,7883,8,805,61,0,27,811,1996,6225,1,115,736
MSitAE-JULY-2026,RAS,NHS ENGLAND LONDON,THE HILLINGDON HOSPITALS NHS FOUNDATION TRUST,5639,0,7155,0,0,0,2307,0,104,0,0,0,533,27,1806,0,0,62
MSitAE-JULY-2026,RBK,NHS ENGLAND MIDLANDS ,WALSALL HEALTHCARE NHS TRUST,10438,0,4204,38,0,144,2914,0,29,9,0,0,1193,215,4400,0,0,850
MSitAE-JULY-2026,RBV,NHS ENGLAND NORTH WEST ,THE CHRISTIE NHS FOUNDATION TRUST,0,0,0,0,0,0,0,0,0,0,0,0,0,0,0,0,0,873
MSitAE-JULY-2026,RD8,NHS ENGLAND EAST OF ENGLAND ,MILTON KEYNES UNIVERSITY HOSPITAL NHS FOUNDATION TRUST,8887,0,5018,742,0,399,4513,0,67,370,0,0,1014,0,2595,0,0,503
MSitAE-JULY-2026,RDE,NHS ENGLAND EAST OF ENGLAND ,EAST SUFFOLK AND NORTH ESSEX NHS FOUNDATION TRUST,12642,0,13655,0,0,0,5302,0,972,0,0,0,464,448,5277,0,2,182
MSitAE-JULY-2026,RGN,NHS ENGLAND EAST OF ENGLAND ,NORTH WEST ANGLIA NHS FOUNDATION TRUST,17741,0,3360,363,0,297,6971,0,127,88,0,10,528,772,3954,0,24,1542
MSitAE-JULY-2026,RGT,NHS ENGLAND EAST OF ENGLAND ,CAMBRIDGE UNIVERSITY HOSPITALS NHS FOUNDATION TRUST,11653,0,5953,306,0,257,5444,0,178,74,0,19,502,352,2827,0,29,479
MSitAE-JULY-2026,RHM,NHS ENGLAND SOUTH EAST ,UNIVERSITY HOSPITAL SOUTHAMPTON NHS FOUNDATION TRUST,11858,1254,0,0,0,0,3918,8,0,0,0,0,433,18,3781,10,0,1816
MSitAE-JULY-2026,RHQ,NHS ENGLAND NORTH EAST AND YORKSHIRE ,SHEFFIELD TEACHING HOSPITALS NHS FOUNDATION TRUST,9475,1316,7481,321,1,1008,4836,3,424,168,0,26,900,2,3187,0,0,3590
MSitAE-JULY-2026,RJZ,NHS ENGLAND LONDON,KING'S COLLEGE HOSPITAL NHS FOUNDATION TRUST,16097,0,10876,39,0,511,7527,0,654,16,0,0,1635,889,3611,0,0,282
MSitAE-JULY-2026,RK5,NHS ENGLAND MIDLANDS ,SHERWOOD FOREST HOSPITALS NHS FOUNDATION TRUST,12125,0,6257,0,0,0,4614,0,688,0,0,0,724,217,3902,0,0,266
MSitAE-JULY-2026,RL4,NHS ENGLAND MIDLANDS ,THE ROYAL WOLVERHAMPTON NHS TRUST,11853,1717,6886,170,0,662,4188,6,68,36,0,2,618,811,6576,0,1005,892
MSitAE-JULY-2026,RLT,NHS ENGLAND MIDLANDS ,GEORGE ELIOT HOSPITAL NHS TRUST,7469,0,1779,0,0,0,794,0,0,0,0,0,289,100,1222,0,0,0
MSitAE-JULY-2026,RMC,NHS ENGLAND NORTH WEST ,BOLTON NHS FOUNDATION TRUST,8576,0,3793,15,0,0,3305,0,138,4,0,0,419,445,2417,0,103,651
MSitAE-JULY-2026,RNZ,NHS ENGLAND SOUTH WEST ,SALISBURY NHS FOUNDATION TRUST,5257,333,2193,0,0,0,2597,0,0,0,0,0,410,136,1255,0,0,992
MSitAE-JULY-2026,RPA,NHS ENGLAND SOUTH EAST ,MEDWAY NHS FOUNDATION TRUST,10123,0,6171,346,0,985,3502,0,673,75,0,0,305,804,1773,0,0,577
MSitAE-JULY-2026,RR8,NHS ENGLAND NORTH EAST AND YORKSHIRE ,LEEDS TEACHING HOSPITALS NHS TRUST,19452,782,10061,65,0,418,7342,0,133,27,0,0,1536,581,3757,0,0,1119
MSitAE-JULY-2026,RTD,NHS ENGLAND NORTH EAST AND YORKSHIRE ,THE NEWCASTLE UPON TYNE HOSPITALS NHS FOUNDATION TRUST,12057,1878,8405,0,0,1300,5080,129,135,0,0,0,436,3,3787,23,0,3206
MSitAE-JULY-2026,RWH,NHS ENGLAND EAST OF ENGLAND ,EAST AND NORTH HERTFORDSHIRE TEACHING NHS TRUST,9252,0,8993,0,0,0,4195,0,118,0,0,0,448,206,2335,0,2,337
MSitAE-JULY-2026,RXQ,NHS ENGLAND SOUTH EAST ,BUCKINGHAMSHIRE HEALTHCARE NHS TRUST,9922,1477,3157,0,0,0,3515,0,130,0,0,0,224,194,4090,1096,0,1477
MSitAE-JULY-2026,RY4,NHS ENGLAND EAST OF ENGLAND ,HERTFORDSHIRE COMMUNITY NHS TRUST,0,0,1342,0,0,0,0,0,124,0,0,0,0,0,0,0,0,0
MSitAE-JULY-2026,RYJ,NHS ENGLAND LONDON,IMPERIAL COLLEGE HEALTHCARE NHS TRUST,12485,4383,7793,0,0,592,5082,188,436,0,0,0,582,0,3810,0,0,1070
MSitAE-JULY-2026,RAE,NHS ENGLAND NORTH EAST AND YORKSHIRE ,BRADFORD TEACHING HOSPITALS NHS FOUNDATION TRUST,9350,1046,3873,0,0,0,2702,0,7,0,0,0,713,143,2619,0,10,1304
MSitAE-JULY-2026,RHU,NHS ENGLAND SOUTH EAST ,PORTSMOUTH HOSPITALS UNIVERSITY NHS TRUST,11634,1217,4001,1881,0,707,4480,13,18,640,0,12,713,1191,3195,0,0,2655
MSitAE-JULY-2026,RJ7,NHS ENGLAND LONDON,ST GEORGE'S UNIVERSITY HOSPITALS NHS FOUNDATION TRUST,9282,0,4163,431,0,0,2627,0,165,76,0,0,448,341,1910,0,0,546
MSitAE-JULY-2026,RM1,NHS ENGLAND EAST OF ENGLAND ,NORFOLK AND NORWICH UNIVERSITY HOSPITALS NHS FOUNDATION TRUST,14121,0,8148,0,0,0,3939,0,16,0,0,0,768,186,2398,0,0,1623
MSitAE-JULY-2026,RQ3,NHS ENGLAND MIDLANDS ,BIRMINGHAM WOMEN'S AND CHILDREN'S NHS FOUNDATION TRUST,4528,0,914,0,0,0,731,0,0,0,0,0,13,0,579,0,0,228
MSitAE-JULY-2026,RQM,NHS ENGLAND LONDON,CHELSEA AND WESTMINSTER HOSPITAL NHS FOUNDATION TRUST,20950,0,6754,718,0,0,5634,0,385,0,0,0,566,74,2979,0,0,359
MSitAE-JULY-2026,RWE,NHS ENGLAND MIDLANDS ,UNIVERSITY HOSPITALS OF LEICESTER NHS TRUST,22400,2253,0,0,0,0,8781,181,0,0,0,0,1181,860,6725,6,0,3557
MSitAE-JULY-2026,RWJ,NHS ENGLAND NORTH WEST ,STOCKPORT NHS FOUNDATION TRUST,8621,0,885,382,0,1469,3521,0,127,156,0,2,576,148,2682,0,51,1030
MSitAE-JULY-2026,RWX,NHS ENGLAND SOUTH EAST ,BERKSHIRE HEALTHCARE NHS FOUNDATION TRUST,0,0,1625,0,0,0,0,0,28,0,0,0,0,0,0,0,21,0
MSitAE-JULY-2026,RYG,NHS ENGLAND MIDLANDS ,COVENTRY AND WARWICKSHIRE PARTNERSHIP NHS TRUST,0,0,0,0,0,0,0,0,0,0,0,0,0,0,0,0,9,39
MSitAE-JULY-2026,RYX,NHS ENGLAND LONDON,CENTRAL LONDON COMMUNITY HEALTHCARE NHS TRUST,0,0,13981,0,0,725,0,0,282,0,0,11,0,0,0,0,0,0
MSitAE-JULY-2026,RYY,NHS ENGLAND SOUTH EAST ,KENT COMMUNITY HEALTH NHS FOUNDATION TRUST,0,0,7048,0,0,0,0,0,70,0,0,0,0,0,0,0,0,0
MSitAE-JULY-2026,R1K,NHS ENGLAND LONDON,LONDON NORTH WEST UNIVERSITY HEALTHCARE NHS TRUST,14527,0,16522,0,0,0,6929,0,244,0,0,0,629,413,6516,0,0,131
MSitAE-JULY-2026,RH5,NHS ENGLAND SOUTH WEST ,SOMERSET NHS FOUNDATION TRUST,12897,0,10206,0,0,58,6105,0,608,0,0,1,501,40,3190,0,0,1819
MSitAE-JULY-2026,RBL,NHS ENGLAND NORTH WEST ,WIRRAL UNIVERSITY TEACHING HOSPITAL NHS FOUNDATION TRUST,8631,0,2800,0,0,194,4660,0,24,0,0,2,566,575,2324,0,0,1842
MSitAE-JULY-2026,RVR,NHS ENGLAND LONDON,EPSOM AND ST HELIER UNIVERSITY HOSPITALS NHS TRUST,10655,0,3309,2,0,0,3887,0,612,0,0,0,611,693,1930,0,0,319
MSitAE-JULY-2026,AJN,NHS ENGLAND NORTH EAST AND YORKSHIRE ,WORKINGTON HEALTH LIMITED,0,0,537,0,0,0,0,0,0,0,0,0,0,0,0,0,0,0
MSitAE-JULY-2026,RF4,NHS ENGLAND LONDON,"BARKING, HAVERING AND REDBRIDGE UNIVERSITY HOSPITALS NHS TRUST",14061,2611,15643,0,0,0,5493,191,355,0,0,0,537,572,3862,0,0,2456
MSitAE-JULY-2026,RM3,NHS ENGLAND NORTH WEST ,NORTHERN CARE ALLIANCE NHS FOUNDATION TRUST,28053,0,9145,0,0,0,10368,0,397,0,0,0,933,902,7887,0,359,2710
MSitAE-JULY-2026,RNN,NHS ENGLAND NORTH EAST AND YORKSHIRE ,NORTH CUMBRIA INTEGRATED CARE NHS FOUNDATION TRUST,9179,0,3370,248,0,31,4238,0,226,61,0,2,573,269,2254,0,0,472
MSitAE-JULY-2026,RP5,NHS ENGLAND NORTH EAST AND YORKSHIRE ,DONCASTER AND BASSETLAW TEACHING HOSPITALS NHS FOUNDATION TRUST,14905,0,4351,0,0,0,5128,0,10,0,0,0,1319,180,4268,0,488,1007
MSitAE-JULY-2026,RTH,NHS ENGLAND SOUTH EAST ,OXFORD UNIVERSITY HOSPITALS NHS FOUNDATION TRUST,13239,1542,3319,1762,0,187,3962,0,90,310,0,35,410,7,5356,111,13,4232
MSitAE-JULY-2026,RWW,NHS ENGLAND NORTH WEST ,NORTH CHESHIRE AND MERSEY NHS FOUNDATION TRUST,7159,0,6141,279,0,376,3114,0,44,82,0,2,506,841,1788,0,0,119
MSitAE-JULY-2026,RXC,NHS ENGLAND SOUTH EAST ,EAST SUSSEX HEALTHCARE NHS TRUST,10683,0,2720,1728,0,1536,4077,0,64,0,0,0,263,246,2960,0,0,536
MSitAE-JULY-2026,RXN,NHS ENGLAND NORTH WEST ,LANCASHIRE TEACHING HOSPITALS NHS FOUNDATION TRUST,12911,0,3488,210,0,61,4048,0,270,34,0,1,1096,312,3418,0,100,1231
MSitAE-JULY-2026,RCF,NHS ENGLAND NORTH EAST AND YORKSHIRE ,AIREDALE NHS FOUNDATION TRUST,6528,226,0,415,0,0,2928,0,0,0,0,0,420,183,1511,0,0,540
MSitAE-JULY-2026,ACH01,NHS ENGLAND SOUTH EAST ,WHITSTABLE MEDICAL PRACTICE,0,0,5197,0,0,0,0,0,0,0,0,0,0,0,0,0,0,0
MSitAE-JULY-2026,R1H,NHS ENGLAND LONDON,BARTS HEALTH NHS TRUST,27454,946,19180,0,0,0,10388,4,2171,0,0,0,1069,1169,4083,0,36,1378
MSitAE-JULY-2026,RNU,NHS ENGLAND SOUTH EAST ,OXFORD HEALTH NHS FOUNDATION TRUST,0,0,5281,0,0,0,0,0,228,0,0,0,0,0,0,0,0,0
MSitAE-JULY-2026,RVV,NHS ENGLAND SOUTH EAST ,EAST KENT HOSPITALS UNIVERSITY NHS FOUNDATION TRUST,13584,0,13763,0,0,0,6429,0,755,0,0,0,585,1074,3067,0,565,548
MSitAE-JULY-2026,RWD,NHS ENGLAND MIDLANDS ,UNITED LINCOLNSHIRE TEACHING HOSPITALS NHS TRUST,18237,0,4418,0,0,0,6207,0,295,0,0,0,636,1217,4935,0,0,1205
Total,Total,Total,Total,1489424,56912,865079,27717,460,47988,573607,2252,28907,7253,32,528,77306,47438,400260,1598,6172,139798
